{"cameraMode":{"drawMode":0,"name":"Shaded","section":"Shading Mode"},"sceneLighting":true,"audioPlay":false,"sceneViewState":{"showFog":true,"showMaterialUpdate":false,"showSkybox":true,"showFlares":true,"showImageEffects":true,"showParticleSystems":true},"in2DMode":false,"pivot":{"x":-25.209732055664064,"y":-35.80365753173828,"z":574.259033203125},"rotation":{"x":-0.09668684750795365,"y":0.8755089640617371,"z":-0.19652336835861207,"w":-0.43071919679641726},"size":2725.249755859375,"orthographic":false}