{"cameraMode":{"drawMode":0,"name":"Shaded","section":"Shading Mode"},"sceneLighting":true,"audioPlay":false,"sceneViewState":{"showFog":true,"showMaterialUpdate":false,"showSkybox":true,"showFlares":true,"showImageEffects":true,"showParticleSystems":true},"in2DMode":false,"pivot":{"x":787.4290161132813,"y":210.81776428222657,"z":294.4859619140625},"rotation":{"x":-0.3407258093357086,"y":-0.5159120559692383,"z":0.234307661652565,"w":-0.7502322196960449},"size":3.681788921356201,"orthographic":false}