{"cameraMode":{"drawMode":0,"name":"Shaded","section":"Shading Mode"},"sceneLighting":true,"audioPlay":false,"sceneViewState":{"showFog":true,"showMaterialUpdate":false,"showSkybox":true,"showFlares":true,"showImageEffects":true,"showParticleSystems":true},"in2DMode":false,"pivot":{"x":8.52265739440918,"y":-5.572319030761719,"z":8.706987380981446},"rotation":{"x":0.298708975315094,"y":0.3008112609386444,"z":-0.09981729835271836,"w":0.9001818299293518},"size":24.658300399780275,"orthographic":false}