{"cameraMode":{"drawMode":0,"name":"Shaded","section":"Shading Mode"},"sceneLighting":false,"audioPlay":false,"sceneViewState":{"showFog":true,"showMaterialUpdate":false,"showSkybox":false,"showFlares":true,"showImageEffects":true,"showParticleSystems":true},"in2DMode":false,"pivot":{"x":0.00005728006362915039,"y":0.6964871883392334,"z":0.006447196006774902},"rotation":{"x":-0.08629526942968369,"y":0.8469343781471252,"z":-0.1449461728334427,"w":-0.5042297840118408},"size":8.281994819641114,"orthographic":false}