{"cameraMode":{"drawMode":0,"name":"Shaded","section":"Shading Mode"},"sceneLighting":true,"audioPlay":false,"sceneViewState":{"showFog":true,"showMaterialUpdate":false,"showSkybox":true,"showFlares":true,"showImageEffects":true,"showParticleSystems":true},"in2DMode":false,"pivot":{"x":167.13284301757813,"y":4.191325664520264,"z":135.583251953125},"rotation":{"x":-0.06664108484983444,"y":0.5471950173377991,"z":-0.04376084357500076,"w":-0.8332018256187439},"size":16.45587730407715,"orthographic":false}