{"cameraMode":{"drawMode":0,"name":"Shaded","section":"Shading Mode"},"sceneLighting":true,"audioPlay":false,"sceneViewState":{"showFog":true,"showMaterialUpdate":false,"showSkybox":true,"showFlares":true,"showImageEffects":true,"showParticleSystems":true},"in2DMode":false,"pivot":{"x":782.2872314453125,"y":212.1915740966797,"z":291.6918640136719},"rotation":{"x":0.053486064076423648,"y":0.4838603436946869,"z":0.029644854366779329,"w":-0.8730064630508423},"size":3.685124397277832,"orthographic":false}